text,href,url
"September 2023, issue 21",/journal/216/volumes-and-issues/415-21,https://link.springer.com/journal/216/volumes-and-issues/415-21
"August 2023, issue 20",/journal/216/volumes-and-issues/415-20,https://link.springer.com/journal/216/volumes-and-issues/415-20
"August 2023, issue 19",/journal/216/volumes-and-issues/415-19,https://link.springer.com/journal/216/volumes-and-issues/415-19
"July 2023, issue 18",/journal/216/volumes-and-issues/415-18,https://link.springer.com/journal/216/volumes-and-issues/415-18
"July 2023, issue 17",/journal/216/volumes-and-issues/415-17,https://link.springer.com/journal/216/volumes-and-issues/415-17
"July 2023, issue 16",/journal/216/volumes-and-issues/415-16,https://link.springer.com/journal/216/volumes-and-issues/415-16
"June 2023, issue 15",/journal/216/volumes-and-issues/415-15,https://link.springer.com/journal/216/volumes-and-issues/415-15
"June 2023, issue 14",/journal/216/volumes-and-issues/415-14,https://link.springer.com/journal/216/volumes-and-issues/415-14
"May 2023, issue 13",/journal/216/volumes-and-issues/415-13,https://link.springer.com/journal/216/volumes-and-issues/415-13
"May 2023, issue 12",/journal/216/volumes-and-issues/415-12,https://link.springer.com/journal/216/volumes-and-issues/415-12
"May 2023, issue 11",/journal/216/volumes-and-issues/415-11,https://link.springer.com/journal/216/volumes-and-issues/415-11
"April 2023, issue 10",/journal/216/volumes-and-issues/415-10,https://link.springer.com/journal/216/volumes-and-issues/415-10
"April 2023, issue 9",/journal/216/volumes-and-issues/415-9,https://link.springer.com/journal/216/volumes-and-issues/415-9
"March 2023, issue 8",/journal/216/volumes-and-issues/415-8,https://link.springer.com/journal/216/volumes-and-issues/415-8
"March 2023, issue 7",/journal/216/volumes-and-issues/415-7,https://link.springer.com/journal/216/volumes-and-issues/415-7
"March 2023, issue 6",/journal/216/volumes-and-issues/415-6,https://link.springer.com/journal/216/volumes-and-issues/415-6
"February 2023, issue 5",/journal/216/volumes-and-issues/415-5,https://link.springer.com/journal/216/volumes-and-issues/415-5
"February 2023, issue 4",/journal/216/volumes-and-issues/415-4,https://link.springer.com/journal/216/volumes-and-issues/415-4
"January 2023, issue 3",/journal/216/volumes-and-issues/415-3,https://link.springer.com/journal/216/volumes-and-issues/415-3
"January 2023, issue 2",/journal/216/volumes-and-issues/415-2,https://link.springer.com/journal/216/volumes-and-issues/415-2
"January 2023, issue 1",/journal/216/volumes-and-issues/415-1,https://link.springer.com/journal/216/volumes-and-issues/415-1
"December 2022, issue 29-30",/journal/216/volumes-and-issues/414-29,https://link.springer.com/journal/216/volumes-and-issues/414-29
"November 2022, issue 28",/journal/216/volumes-and-issues/414-28,https://link.springer.com/journal/216/volumes-and-issues/414-28
"November 2022, issue 27",/journal/216/volumes-and-issues/414-27,https://link.springer.com/journal/216/volumes-and-issues/414-27
"November 2022, issue 26",/journal/216/volumes-and-issues/414-26,https://link.springer.com/journal/216/volumes-and-issues/414-26
"October 2022, issue 25",/journal/216/volumes-and-issues/414-25,https://link.springer.com/journal/216/volumes-and-issues/414-25
"October 2022, issue 24",/journal/216/volumes-and-issues/414-24,https://link.springer.com/journal/216/volumes-and-issues/414-24
"September 2022, issue 23",/journal/216/volumes-and-issues/414-23,https://link.springer.com/journal/216/volumes-and-issues/414-23
"September 2022, issue 22",/journal/216/volumes-and-issues/414-22,https://link.springer.com/journal/216/volumes-and-issues/414-22
"September 2022, issue 21",/journal/216/volumes-and-issues/414-21,https://link.springer.com/journal/216/volumes-and-issues/414-21
"August 2022, issue 20",/journal/216/volumes-and-issues/414-20,https://link.springer.com/journal/216/volumes-and-issues/414-20
"August 2022, issue 19",/journal/216/volumes-and-issues/414-19,https://link.springer.com/journal/216/volumes-and-issues/414-19
"July 2022, issue 18",/journal/216/volumes-and-issues/414-18,https://link.springer.com/journal/216/volumes-and-issues/414-18
"July 2022, issue 17",/journal/216/volumes-and-issues/414-17,https://link.springer.com/journal/216/volumes-and-issues/414-17
"July 2022, issue 16",/journal/216/volumes-and-issues/414-16,https://link.springer.com/journal/216/volumes-and-issues/414-16
"June 2022, issue 15",/journal/216/volumes-and-issues/414-15,https://link.springer.com/journal/216/volumes-and-issues/414-15
"June 2022, issue 14",/journal/216/volumes-and-issues/414-14,https://link.springer.com/journal/216/volumes-and-issues/414-14
"May 2022, issue 13",/journal/216/volumes-and-issues/414-13,https://link.springer.com/journal/216/volumes-and-issues/414-13
"May 2022, issue 12",/journal/216/volumes-and-issues/414-12,https://link.springer.com/journal/216/volumes-and-issues/414-12
"May 2022, issue 11",/journal/216/volumes-and-issues/414-11,https://link.springer.com/journal/216/volumes-and-issues/414-11
"April 2022, issue 10",/journal/216/volumes-and-issues/414-10,https://link.springer.com/journal/216/volumes-and-issues/414-10
"April 2022, issue 9",/journal/216/volumes-and-issues/414-9,https://link.springer.com/journal/216/volumes-and-issues/414-9
"March 2022, issue 8",/journal/216/volumes-and-issues/414-8,https://link.springer.com/journal/216/volumes-and-issues/414-8
"March 2022, issue 7",/journal/216/volumes-and-issues/414-7,https://link.springer.com/journal/216/volumes-and-issues/414-7
"March 2022, issue 6",/journal/216/volumes-and-issues/414-6,https://link.springer.com/journal/216/volumes-and-issues/414-6
"February 2022, issue 5",/journal/216/volumes-and-issues/414-5,https://link.springer.com/journal/216/volumes-and-issues/414-5
"February 2022, issue 4",/journal/216/volumes-and-issues/414-4,https://link.springer.com/journal/216/volumes-and-issues/414-4
"January 2022, issue 3",/journal/216/volumes-and-issues/414-3,https://link.springer.com/journal/216/volumes-and-issues/414-3
"January 2022, issue 2",/journal/216/volumes-and-issues/414-2,https://link.springer.com/journal/216/volumes-and-issues/414-2
"January 2022, issue 1",/journal/216/volumes-and-issues/414-1,https://link.springer.com/journal/216/volumes-and-issues/414-1
"December 2021, issue 30",/journal/216/volumes-and-issues/413-30,https://link.springer.com/journal/216/volumes-and-issues/413-30
"December 2021, issue 29",/journal/216/volumes-and-issues/413-29,https://link.springer.com/journal/216/volumes-and-issues/413-29
"November 2021, issue 28",/journal/216/volumes-and-issues/413-28,https://link.springer.com/journal/216/volumes-and-issues/413-28
"November 2021, issue 27",/journal/216/volumes-and-issues/413-27,https://link.springer.com/journal/216/volumes-and-issues/413-27
"November 2021, issue 26",/journal/216/volumes-and-issues/413-26,https://link.springer.com/journal/216/volumes-and-issues/413-26
"October 2021, issue 25",/journal/216/volumes-and-issues/413-25,https://link.springer.com/journal/216/volumes-and-issues/413-25
"October 2021, issue 24",/journal/216/volumes-and-issues/413-24,https://link.springer.com/journal/216/volumes-and-issues/413-24
"September 2021, issue 23",/journal/216/volumes-and-issues/413-23,https://link.springer.com/journal/216/volumes-and-issues/413-23
"September 2021, issue 22",/journal/216/volumes-and-issues/413-22,https://link.springer.com/journal/216/volumes-and-issues/413-22
"September 2021, issue 21",/journal/216/volumes-and-issues/413-21,https://link.springer.com/journal/216/volumes-and-issues/413-21
"August 2021, issue 20",/journal/216/volumes-and-issues/413-20,https://link.springer.com/journal/216/volumes-and-issues/413-20
"August 2021, issue 19",/journal/216/volumes-and-issues/413-19,https://link.springer.com/journal/216/volumes-and-issues/413-19
"July 2021, issue 18",/journal/216/volumes-and-issues/413-18,https://link.springer.com/journal/216/volumes-and-issues/413-18
"July 2021, issue 17",/journal/216/volumes-and-issues/413-17,https://link.springer.com/journal/216/volumes-and-issues/413-17
"July 2021, issue 16",/journal/216/volumes-and-issues/413-16,https://link.springer.com/journal/216/volumes-and-issues/413-16
"June 2021, issue 15",/journal/216/volumes-and-issues/413-15,https://link.springer.com/journal/216/volumes-and-issues/413-15
"June 2021, issue 14",/journal/216/volumes-and-issues/413-14,https://link.springer.com/journal/216/volumes-and-issues/413-14
"May 2021, issue 13",/journal/216/volumes-and-issues/413-13,https://link.springer.com/journal/216/volumes-and-issues/413-13
"May 2021, issue 12",/journal/216/volumes-and-issues/413-12,https://link.springer.com/journal/216/volumes-and-issues/413-12
"May 2021, issue 11",/journal/216/volumes-and-issues/413-11,https://link.springer.com/journal/216/volumes-and-issues/413-11
"April 2021, issue 10",/journal/216/volumes-and-issues/413-10,https://link.springer.com/journal/216/volumes-and-issues/413-10
"April 2021, issue 9",/journal/216/volumes-and-issues/413-9,https://link.springer.com/journal/216/volumes-and-issues/413-9
"March 2021, issue 8",/journal/216/volumes-and-issues/413-8,https://link.springer.com/journal/216/volumes-and-issues/413-8
"March 2021, issue 7",/journal/216/volumes-and-issues/413-7,https://link.springer.com/journal/216/volumes-and-issues/413-7
"March 2021, issue 6",/journal/216/volumes-and-issues/413-6,https://link.springer.com/journal/216/volumes-and-issues/413-6
"February 2021, issue 5",/journal/216/volumes-and-issues/413-5,https://link.springer.com/journal/216/volumes-and-issues/413-5
"February 2021, issue 4",/journal/216/volumes-and-issues/413-4,https://link.springer.com/journal/216/volumes-and-issues/413-4
"January 2021, issue 3",/journal/216/volumes-and-issues/413-3,https://link.springer.com/journal/216/volumes-and-issues/413-3
"January 2021, issue 2",/journal/216/volumes-and-issues/413-2,https://link.springer.com/journal/216/volumes-and-issues/413-2
"January 2021, issue 1",/journal/216/volumes-and-issues/413-1,https://link.springer.com/journal/216/volumes-and-issues/413-1
"December 2020, issue 30",/journal/216/volumes-and-issues/412-30,https://link.springer.com/journal/216/volumes-and-issues/412-30
"November 2020, issue 29",/journal/216/volumes-and-issues/412-29,https://link.springer.com/journal/216/volumes-and-issues/412-29
"November 2020, issue 28",/journal/216/volumes-and-issues/412-28,https://link.springer.com/journal/216/volumes-and-issues/412-28
"November 2020, issue 27",/journal/216/volumes-and-issues/412-27,https://link.springer.com/journal/216/volumes-and-issues/412-27
"October 2020, issue 26",/journal/216/volumes-and-issues/412-26,https://link.springer.com/journal/216/volumes-and-issues/412-26
"October 2020, issue 25",/journal/216/volumes-and-issues/412-25,https://link.springer.com/journal/216/volumes-and-issues/412-25
"September 2020, issue 24",/journal/216/volumes-and-issues/412-24,https://link.springer.com/journal/216/volumes-and-issues/412-24
"September 2020, issue 23",/journal/216/volumes-and-issues/412-23,https://link.springer.com/journal/216/volumes-and-issues/412-23
"September 2020, issue 22",/journal/216/volumes-and-issues/412-22,https://link.springer.com/journal/216/volumes-and-issues/412-22
"August 2020, issue 21",/journal/216/volumes-and-issues/412-21,https://link.springer.com/journal/216/volumes-and-issues/412-21
"August 2020, issue 20",/journal/216/volumes-and-issues/412-20,https://link.springer.com/journal/216/volumes-and-issues/412-20
"July 2020, issue 19",/journal/216/volumes-and-issues/412-19,https://link.springer.com/journal/216/volumes-and-issues/412-19
"July 2020, issue 18",/journal/216/volumes-and-issues/412-18,https://link.springer.com/journal/216/volumes-and-issues/412-18
"July 2020, issue 17",/journal/216/volumes-and-issues/412-17,https://link.springer.com/journal/216/volumes-and-issues/412-17
"June 2020, issue 16",/journal/216/volumes-and-issues/412-16,https://link.springer.com/journal/216/volumes-and-issues/412-16
"June 2020, issue 15",/journal/216/volumes-and-issues/412-15,https://link.springer.com/journal/216/volumes-and-issues/412-15
"May 2020, issue 14",/journal/216/volumes-and-issues/412-14,https://link.springer.com/journal/216/volumes-and-issues/412-14
"May 2020, issue 13",/journal/216/volumes-and-issues/412-13,https://link.springer.com/journal/216/volumes-and-issues/412-13
"May 2020, issue 12",/journal/216/volumes-and-issues/412-12,https://link.springer.com/journal/216/volumes-and-issues/412-12
"April 2020, issue 11",/journal/216/volumes-and-issues/412-11,https://link.springer.com/journal/216/volumes-and-issues/412-11
"April 2020, issue 10",/journal/216/volumes-and-issues/412-10,https://link.springer.com/journal/216/volumes-and-issues/412-10
"April 2020, issue 9",/journal/216/volumes-and-issues/412-9,https://link.springer.com/journal/216/volumes-and-issues/412-9
"March 2020, issue 8",/journal/216/volumes-and-issues/412-8,https://link.springer.com/journal/216/volumes-and-issues/412-8
"March 2020, issue 7",/journal/216/volumes-and-issues/412-7,https://link.springer.com/journal/216/volumes-and-issues/412-7
"February 2020, issue 6",/journal/216/volumes-and-issues/412-6,https://link.springer.com/journal/216/volumes-and-issues/412-6
"February 2020, issue 5",/journal/216/volumes-and-issues/412-5,https://link.springer.com/journal/216/volumes-and-issues/412-5
"February 2020, issue 4",/journal/216/volumes-and-issues/412-4,https://link.springer.com/journal/216/volumes-and-issues/412-4
"January 2020, issue 3",/journal/216/volumes-and-issues/412-3,https://link.springer.com/journal/216/volumes-and-issues/412-3
"January 2020, issue 2",/journal/216/volumes-and-issues/412-2,https://link.springer.com/journal/216/volumes-and-issues/412-2
"January 2020, issue 1",/journal/216/volumes-and-issues/412-1,https://link.springer.com/journal/216/volumes-and-issues/412-1
"December 2019, issue 30",/journal/216/volumes-and-issues/411-30,https://link.springer.com/journal/216/volumes-and-issues/411-30
"November 2019, issue 29",/journal/216/volumes-and-issues/411-29,https://link.springer.com/journal/216/volumes-and-issues/411-29
"November 2019, issue 28",/journal/216/volumes-and-issues/411-28,https://link.springer.com/journal/216/volumes-and-issues/411-28
"November 2019, issue 27",/journal/216/volumes-and-issues/411-27,https://link.springer.com/journal/216/volumes-and-issues/411-27
"October 2019, issue 26",/journal/216/volumes-and-issues/411-26,https://link.springer.com/journal/216/volumes-and-issues/411-26
"October 2019, issue 25",/journal/216/volumes-and-issues/411-25,https://link.springer.com/journal/216/volumes-and-issues/411-25
"September 2019, issue 24",/journal/216/volumes-and-issues/411-24,https://link.springer.com/journal/216/volumes-and-issues/411-24
"September 2019, issue 23",/journal/216/volumes-and-issues/411-23,https://link.springer.com/journal/216/volumes-and-issues/411-23
"September 2019, issue 22",/journal/216/volumes-and-issues/411-22,https://link.springer.com/journal/216/volumes-and-issues/411-22
"August 2019, issue 21",/journal/216/volumes-and-issues/411-21,https://link.springer.com/journal/216/volumes-and-issues/411-21
"August 2019, issue 20",/journal/216/volumes-and-issues/411-20,https://link.springer.com/journal/216/volumes-and-issues/411-20
"July 2019, issue 19",/journal/216/volumes-and-issues/411-19,https://link.springer.com/journal/216/volumes-and-issues/411-19
"July 2019, issue 18",/journal/216/volumes-and-issues/411-18,https://link.springer.com/journal/216/volumes-and-issues/411-18
"July 2019, issue 17",/journal/216/volumes-and-issues/411-17,https://link.springer.com/journal/216/volumes-and-issues/411-17
"June 2019, issue 16",/journal/216/volumes-and-issues/411-16,https://link.springer.com/journal/216/volumes-and-issues/411-16
"June 2019, issue 15",/journal/216/volumes-and-issues/411-15,https://link.springer.com/journal/216/volumes-and-issues/411-15
"May 2019, issue 14",/journal/216/volumes-and-issues/411-14,https://link.springer.com/journal/216/volumes-and-issues/411-14
"May 2019, issue 13",/journal/216/volumes-and-issues/411-13,https://link.springer.com/journal/216/volumes-and-issues/411-13
"May 2019, issue 12",/journal/216/volumes-and-issues/411-12,https://link.springer.com/journal/216/volumes-and-issues/411-12
"April 2019, issue 11",/journal/216/volumes-and-issues/411-11,https://link.springer.com/journal/216/volumes-and-issues/411-11
"April 2019, issue 10",/journal/216/volumes-and-issues/411-10,https://link.springer.com/journal/216/volumes-and-issues/411-10
"March 2019, issue 9",/journal/216/volumes-and-issues/411-9,https://link.springer.com/journal/216/volumes-and-issues/411-9
"March 2019, issue 8",/journal/216/volumes-and-issues/411-8,https://link.springer.com/journal/216/volumes-and-issues/411-8
"March 2019, issue 7",/journal/216/volumes-and-issues/411-7,https://link.springer.com/journal/216/volumes-and-issues/411-7
"February 2019, issue 6",/journal/216/volumes-and-issues/411-6,https://link.springer.com/journal/216/volumes-and-issues/411-6
"February 2019, issue 5",/journal/216/volumes-and-issues/411-5,https://link.springer.com/journal/216/volumes-and-issues/411-5
"February 2019, issue 4",/journal/216/volumes-and-issues/411-4,https://link.springer.com/journal/216/volumes-and-issues/411-4
"January 2019, issue 3",/journal/216/volumes-and-issues/411-3,https://link.springer.com/journal/216/volumes-and-issues/411-3
"January 2019, issue 2",/journal/216/volumes-and-issues/411-2,https://link.springer.com/journal/216/volumes-and-issues/411-2
"January 2019, issue 1",/journal/216/volumes-and-issues/411-1,https://link.springer.com/journal/216/volumes-and-issues/411-1
"December 2018, issue 30",/journal/216/volumes-and-issues/410-30,https://link.springer.com/journal/216/volumes-and-issues/410-30
"November 2018, issue 29",/journal/216/volumes-and-issues/410-29,https://link.springer.com/journal/216/volumes-and-issues/410-29
"November 2018, issue 28",/journal/216/volumes-and-issues/410-28,https://link.springer.com/journal/216/volumes-and-issues/410-28
"November 2018, issue 27",/journal/216/volumes-and-issues/410-27,https://link.springer.com/journal/216/volumes-and-issues/410-27
"October 2018, issue 26",/journal/216/volumes-and-issues/410-26,https://link.springer.com/journal/216/volumes-and-issues/410-26
"October 2018, issue 25",/journal/216/volumes-and-issues/410-25,https://link.springer.com/journal/216/volumes-and-issues/410-25
"September 2018, issue 24",/journal/216/volumes-and-issues/410-24,https://link.springer.com/journal/216/volumes-and-issues/410-24
"September 2018, issue 23",/journal/216/volumes-and-issues/410-23,https://link.springer.com/journal/216/volumes-and-issues/410-23
"September 2018, issue 22",/journal/216/volumes-and-issues/410-22,https://link.springer.com/journal/216/volumes-and-issues/410-22
"August 2018, issue 21",/journal/216/volumes-and-issues/410-21,https://link.springer.com/journal/216/volumes-and-issues/410-21
"August 2018, issue 20",/journal/216/volumes-and-issues/410-20,https://link.springer.com/journal/216/volumes-and-issues/410-20
"July 2018, issue 19",/journal/216/volumes-and-issues/410-19,https://link.springer.com/journal/216/volumes-and-issues/410-19
"July 2018, issue 18",/journal/216/volumes-and-issues/410-18,https://link.springer.com/journal/216/volumes-and-issues/410-18
"July 2018, issue 17",/journal/216/volumes-and-issues/410-17,https://link.springer.com/journal/216/volumes-and-issues/410-17
"June 2018, issue 16",/journal/216/volumes-and-issues/410-16,https://link.springer.com/journal/216/volumes-and-issues/410-16
"June 2018, issue 15",/journal/216/volumes-and-issues/410-15,https://link.springer.com/journal/216/volumes-and-issues/410-15
"May 2018, issue 14",/journal/216/volumes-and-issues/410-14,https://link.springer.com/journal/216/volumes-and-issues/410-14
"May 2018, issue 13",/journal/216/volumes-and-issues/410-13,https://link.springer.com/journal/216/volumes-and-issues/410-13
"May 2018, issue 12",/journal/216/volumes-and-issues/410-12,https://link.springer.com/journal/216/volumes-and-issues/410-12
"April 2018, issue 11",/journal/216/volumes-and-issues/410-11,https://link.springer.com/journal/216/volumes-and-issues/410-11
"April 2018, issue 10",/journal/216/volumes-and-issues/410-10,https://link.springer.com/journal/216/volumes-and-issues/410-10
"March 2018, issue 9",/journal/216/volumes-and-issues/410-9,https://link.springer.com/journal/216/volumes-and-issues/410-9
"March 2018, issue 8",/journal/216/volumes-and-issues/410-8,https://link.springer.com/journal/216/volumes-and-issues/410-8
"March 2018, issue 7",/journal/216/volumes-and-issues/410-7,https://link.springer.com/journal/216/volumes-and-issues/410-7
"February 2018, issue 6",/journal/216/volumes-and-issues/410-6,https://link.springer.com/journal/216/volumes-and-issues/410-6
"February 2018, issue 5",/journal/216/volumes-and-issues/410-5,https://link.springer.com/journal/216/volumes-and-issues/410-5
"February 2018, issue 4",/journal/216/volumes-and-issues/410-4,https://link.springer.com/journal/216/volumes-and-issues/410-4
"January 2018, issue 3",/journal/216/volumes-and-issues/410-3,https://link.springer.com/journal/216/volumes-and-issues/410-3
"January 2018, issue 2",/journal/216/volumes-and-issues/410-2,https://link.springer.com/journal/216/volumes-and-issues/410-2
"January 2018, issue 1",/journal/216/volumes-and-issues/410-1,https://link.springer.com/journal/216/volumes-and-issues/410-1
"December 2017, issue 30",/journal/216/volumes-and-issues/409-30,https://link.springer.com/journal/216/volumes-and-issues/409-30
"November 2017, issue 29",/journal/216/volumes-and-issues/409-29,https://link.springer.com/journal/216/volumes-and-issues/409-29
"November 2017, issue 28",/journal/216/volumes-and-issues/409-28,https://link.springer.com/journal/216/volumes-and-issues/409-28
"November 2017, issue 27",/journal/216/volumes-and-issues/409-27,https://link.springer.com/journal/216/volumes-and-issues/409-27
"October 2017, issue 26",/journal/216/volumes-and-issues/409-26,https://link.springer.com/journal/216/volumes-and-issues/409-26
"October 2017, issue 25",/journal/216/volumes-and-issues/409-25,https://link.springer.com/journal/216/volumes-and-issues/409-25
"September 2017, issue 24",/journal/216/volumes-and-issues/409-24,https://link.springer.com/journal/216/volumes-and-issues/409-24
"September 2017, issue 23",/journal/216/volumes-and-issues/409-23,https://link.springer.com/journal/216/volumes-and-issues/409-23
"September 2017, issue 22",/journal/216/volumes-and-issues/409-22,https://link.springer.com/journal/216/volumes-and-issues/409-22
"August 2017, issue 21",/journal/216/volumes-and-issues/409-21,https://link.springer.com/journal/216/volumes-and-issues/409-21
"August 2017, issue 20",/journal/216/volumes-and-issues/409-20,https://link.springer.com/journal/216/volumes-and-issues/409-20
"July 2017, issue 19",/journal/216/volumes-and-issues/409-19,https://link.springer.com/journal/216/volumes-and-issues/409-19
"July 2017, issue 18",/journal/216/volumes-and-issues/409-18,https://link.springer.com/journal/216/volumes-and-issues/409-18
"July 2017, issue 17",/journal/216/volumes-and-issues/409-17,https://link.springer.com/journal/216/volumes-and-issues/409-17
"June 2017, issue 16",/journal/216/volumes-and-issues/409-16,https://link.springer.com/journal/216/volumes-and-issues/409-16
"June 2017, issue 15",/journal/216/volumes-and-issues/409-15,https://link.springer.com/journal/216/volumes-and-issues/409-15
"May 2017, issue 14",/journal/216/volumes-and-issues/409-14,https://link.springer.com/journal/216/volumes-and-issues/409-14
"May 2017, issue 13",/journal/216/volumes-and-issues/409-13,https://link.springer.com/journal/216/volumes-and-issues/409-13
"May 2017, issue 12",/journal/216/volumes-and-issues/409-12,https://link.springer.com/journal/216/volumes-and-issues/409-12
"April 2017, issue 11",/journal/216/volumes-and-issues/409-11,https://link.springer.com/journal/216/volumes-and-issues/409-11
"April 2017, issue 10",/journal/216/volumes-and-issues/409-10,https://link.springer.com/journal/216/volumes-and-issues/409-10
"March 2017, issue 9",/journal/216/volumes-and-issues/409-9,https://link.springer.com/journal/216/volumes-and-issues/409-9
"March 2017, issue 8",/journal/216/volumes-and-issues/409-8,https://link.springer.com/journal/216/volumes-and-issues/409-8
"March 2017, issue 7",/journal/216/volumes-and-issues/409-7,https://link.springer.com/journal/216/volumes-and-issues/409-7
"February 2017, issue 6",/journal/216/volumes-and-issues/409-6,https://link.springer.com/journal/216/volumes-and-issues/409-6
"February 2017, issue 5",/journal/216/volumes-and-issues/409-5,https://link.springer.com/journal/216/volumes-and-issues/409-5
"February 2017, issue 4",/journal/216/volumes-and-issues/409-4,https://link.springer.com/journal/216/volumes-and-issues/409-4
"January 2017, issue 3",/journal/216/volumes-and-issues/409-3,https://link.springer.com/journal/216/volumes-and-issues/409-3
"January 2017, issue 2",/journal/216/volumes-and-issues/409-2,https://link.springer.com/journal/216/volumes-and-issues/409-2
"January 2017, issue 1",/journal/216/volumes-and-issues/409-1,https://link.springer.com/journal/216/volumes-and-issues/409-1
"December 2016, issue 30",/journal/216/volumes-and-issues/408-30,https://link.springer.com/journal/216/volumes-and-issues/408-30
"November 2016, issue 29",/journal/216/volumes-and-issues/408-29,https://link.springer.com/journal/216/volumes-and-issues/408-29
"November 2016, issue 28",/journal/216/volumes-and-issues/408-28,https://link.springer.com/journal/216/volumes-and-issues/408-28
"November 2016, issue 27",/journal/216/volumes-and-issues/408-27,https://link.springer.com/journal/216/volumes-and-issues/408-27
"October 2016, issue 26",/journal/216/volumes-and-issues/408-26,https://link.springer.com/journal/216/volumes-and-issues/408-26
"October 2016, issue 25",/journal/216/volumes-and-issues/408-25,https://link.springer.com/journal/216/volumes-and-issues/408-25
"September 2016, issue 24",/journal/216/volumes-and-issues/408-24,https://link.springer.com/journal/216/volumes-and-issues/408-24
"September 2016, issue 23",/journal/216/volumes-and-issues/408-23,https://link.springer.com/journal/216/volumes-and-issues/408-23
"September 2016, issue 22",/journal/216/volumes-and-issues/408-22,https://link.springer.com/journal/216/volumes-and-issues/408-22
"August 2016, issue 21",/journal/216/volumes-and-issues/408-21,https://link.springer.com/journal/216/volumes-and-issues/408-21
"August 2016, issue 20",/journal/216/volumes-and-issues/408-20,https://link.springer.com/journal/216/volumes-and-issues/408-20
"July 2016, issue 19",/journal/216/volumes-and-issues/408-19,https://link.springer.com/journal/216/volumes-and-issues/408-19
"July 2016, issue 18",/journal/216/volumes-and-issues/408-18,https://link.springer.com/journal/216/volumes-and-issues/408-18
"July 2016, issue 17",/journal/216/volumes-and-issues/408-17,https://link.springer.com/journal/216/volumes-and-issues/408-17
"June 2016, issue 16",/journal/216/volumes-and-issues/408-16,https://link.springer.com/journal/216/volumes-and-issues/408-16
"June 2016, issue 15",/journal/216/volumes-and-issues/408-15,https://link.springer.com/journal/216/volumes-and-issues/408-15
"May 2016, issue 14",/journal/216/volumes-and-issues/408-14,https://link.springer.com/journal/216/volumes-and-issues/408-14
"May 2016, issue 13",/journal/216/volumes-and-issues/408-13,https://link.springer.com/journal/216/volumes-and-issues/408-13
"May 2016, issue 12",/journal/216/volumes-and-issues/408-12,https://link.springer.com/journal/216/volumes-and-issues/408-12
"April 2016, issue 11",/journal/216/volumes-and-issues/408-11,https://link.springer.com/journal/216/volumes-and-issues/408-11
"April 2016, issue 10",/journal/216/volumes-and-issues/408-10,https://link.springer.com/journal/216/volumes-and-issues/408-10
"March 2016, issue 9",/journal/216/volumes-and-issues/408-9,https://link.springer.com/journal/216/volumes-and-issues/408-9
"March 2016, issue 8",/journal/216/volumes-and-issues/408-8,https://link.springer.com/journal/216/volumes-and-issues/408-8
"March 2016, issue 7",/journal/216/volumes-and-issues/408-7,https://link.springer.com/journal/216/volumes-and-issues/408-7
"February 2016, issue 6",/journal/216/volumes-and-issues/408-6,https://link.springer.com/journal/216/volumes-and-issues/408-6
"February 2016, issue 5",/journal/216/volumes-and-issues/408-5,https://link.springer.com/journal/216/volumes-and-issues/408-5
"February 2016, issue 4",/journal/216/volumes-and-issues/408-4,https://link.springer.com/journal/216/volumes-and-issues/408-4
"January 2016, issue 3",/journal/216/volumes-and-issues/408-3,https://link.springer.com/journal/216/volumes-and-issues/408-3
"January 2016, issue 2",/journal/216/volumes-and-issues/408-2,https://link.springer.com/journal/216/volumes-and-issues/408-2
"January 2016, issue 1",/journal/216/volumes-and-issues/408-1,https://link.springer.com/journal/216/volumes-and-issues/408-1
"December 2015, issue 30",/journal/216/volumes-and-issues/407-30,https://link.springer.com/journal/216/volumes-and-issues/407-30
"November 2015, issue 29",/journal/216/volumes-and-issues/407-29,https://link.springer.com/journal/216/volumes-and-issues/407-29
"November 2015, issue 28",/journal/216/volumes-and-issues/407-28,https://link.springer.com/journal/216/volumes-and-issues/407-28
"November 2015, issue 27",/journal/216/volumes-and-issues/407-27,https://link.springer.com/journal/216/volumes-and-issues/407-27
"October 2015, issue 26",/journal/216/volumes-and-issues/407-26,https://link.springer.com/journal/216/volumes-and-issues/407-26
"October 2015, issue 25",/journal/216/volumes-and-issues/407-25,https://link.springer.com/journal/216/volumes-and-issues/407-25
"September 2015, issue 24",/journal/216/volumes-and-issues/407-24,https://link.springer.com/journal/216/volumes-and-issues/407-24
"September 2015, issue 23",/journal/216/volumes-and-issues/407-23,https://link.springer.com/journal/216/volumes-and-issues/407-23
"September 2015, issue 22",/journal/216/volumes-and-issues/407-22,https://link.springer.com/journal/216/volumes-and-issues/407-22
"August 2015, issue 21",/journal/216/volumes-and-issues/407-21,https://link.springer.com/journal/216/volumes-and-issues/407-21
"August 2015, issue 20",/journal/216/volumes-and-issues/407-20,https://link.springer.com/journal/216/volumes-and-issues/407-20
"July 2015, issue 19",/journal/216/volumes-and-issues/407-19,https://link.springer.com/journal/216/volumes-and-issues/407-19
"July 2015, issue 18",/journal/216/volumes-and-issues/407-18,https://link.springer.com/journal/216/volumes-and-issues/407-18
"July 2015, issue 17",/journal/216/volumes-and-issues/407-17,https://link.springer.com/journal/216/volumes-and-issues/407-17
"June 2015, issue 16",/journal/216/volumes-and-issues/407-16,https://link.springer.com/journal/216/volumes-and-issues/407-16
"June 2015, issue 15",/journal/216/volumes-and-issues/407-15,https://link.springer.com/journal/216/volumes-and-issues/407-15
"May 2015, issue 14",/journal/216/volumes-and-issues/407-14,https://link.springer.com/journal/216/volumes-and-issues/407-14
"May 2015, issue 13",/journal/216/volumes-and-issues/407-13,https://link.springer.com/journal/216/volumes-and-issues/407-13
"May 2015, issue 12",/journal/216/volumes-and-issues/407-12,https://link.springer.com/journal/216/volumes-and-issues/407-12
"April 2015, issue 11",/journal/216/volumes-and-issues/407-11,https://link.springer.com/journal/216/volumes-and-issues/407-11
"April 2015, issue 10",/journal/216/volumes-and-issues/407-10,https://link.springer.com/journal/216/volumes-and-issues/407-10
"March 2015, issue 9",/journal/216/volumes-and-issues/407-9,https://link.springer.com/journal/216/volumes-and-issues/407-9
"March 2015, issue 8",/journal/216/volumes-and-issues/407-8,https://link.springer.com/journal/216/volumes-and-issues/407-8
"March 2015, issue 7",/journal/216/volumes-and-issues/407-7,https://link.springer.com/journal/216/volumes-and-issues/407-7
"February 2015, issue 6",/journal/216/volumes-and-issues/407-6,https://link.springer.com/journal/216/volumes-and-issues/407-6
"February 2015, issue 5",/journal/216/volumes-and-issues/407-5,https://link.springer.com/journal/216/volumes-and-issues/407-5
"February 2015, issue 4",/journal/216/volumes-and-issues/407-4,https://link.springer.com/journal/216/volumes-and-issues/407-4
"January 2015, issue 3",/journal/216/volumes-and-issues/407-3,https://link.springer.com/journal/216/volumes-and-issues/407-3
"January 2015, issue 2",/journal/216/volumes-and-issues/407-2,https://link.springer.com/journal/216/volumes-and-issues/407-2
"January 2015, issue 1",/journal/216/volumes-and-issues/407-1,https://link.springer.com/journal/216/volumes-and-issues/407-1
"December 2014, issue 30",/journal/216/volumes-and-issues/406-30,https://link.springer.com/journal/216/volumes-and-issues/406-30
"November 2014, issue 29",/journal/216/volumes-and-issues/406-29,https://link.springer.com/journal/216/volumes-and-issues/406-29
"November 2014, issue 28",/journal/216/volumes-and-issues/406-28,https://link.springer.com/journal/216/volumes-and-issues/406-28
"November 2014, issue 27",/journal/216/volumes-and-issues/406-27,https://link.springer.com/journal/216/volumes-and-issues/406-27
"October 2014, issue 26",/journal/216/volumes-and-issues/406-26,https://link.springer.com/journal/216/volumes-and-issues/406-26
"October 2014, issue 25",/journal/216/volumes-and-issues/406-25,https://link.springer.com/journal/216/volumes-and-issues/406-25
"September 2014, issue 24",/journal/216/volumes-and-issues/406-24,https://link.springer.com/journal/216/volumes-and-issues/406-24
"September 2014, issue 23",/journal/216/volumes-and-issues/406-23,https://link.springer.com/journal/216/volumes-and-issues/406-23
"September 2014, issue 22",/journal/216/volumes-and-issues/406-22,https://link.springer.com/journal/216/volumes-and-issues/406-22
"August 2014, issue 21",/journal/216/volumes-and-issues/406-21,https://link.springer.com/journal/216/volumes-and-issues/406-21
"August 2014, issue 20",/journal/216/volumes-and-issues/406-20,https://link.springer.com/journal/216/volumes-and-issues/406-20
"July 2014, issue 19",/journal/216/volumes-and-issues/406-19,https://link.springer.com/journal/216/volumes-and-issues/406-19
"July 2014, issue 18",/journal/216/volumes-and-issues/406-18,https://link.springer.com/journal/216/volumes-and-issues/406-18
"July 2014, issue 17",/journal/216/volumes-and-issues/406-17,https://link.springer.com/journal/216/volumes-and-issues/406-17
"June 2014, issue 16",/journal/216/volumes-and-issues/406-16,https://link.springer.com/journal/216/volumes-and-issues/406-16
"June 2014, issue 15",/journal/216/volumes-and-issues/406-15,https://link.springer.com/journal/216/volumes-and-issues/406-15
"May 2014, issue 14",/journal/216/volumes-and-issues/406-14,https://link.springer.com/journal/216/volumes-and-issues/406-14
"May 2014, issue 13",/journal/216/volumes-and-issues/406-13,https://link.springer.com/journal/216/volumes-and-issues/406-13
"May 2014, issue 12",/journal/216/volumes-and-issues/406-12,https://link.springer.com/journal/216/volumes-and-issues/406-12
"April 2014, issue 11",/journal/216/volumes-and-issues/406-11,https://link.springer.com/journal/216/volumes-and-issues/406-11
"April 2014, issue 9-10",/journal/216/volumes-and-issues/406-9,https://link.springer.com/journal/216/volumes-and-issues/406-9
"March 2014, issue 8",/journal/216/volumes-and-issues/406-8,https://link.springer.com/journal/216/volumes-and-issues/406-8
"March 2014, issue 7",/journal/216/volumes-and-issues/406-7,https://link.springer.com/journal/216/volumes-and-issues/406-7
"February 2014, issue 6",/journal/216/volumes-and-issues/406-6,https://link.springer.com/journal/216/volumes-and-issues/406-6
"February 2014, issue 5",/journal/216/volumes-and-issues/406-5,https://link.springer.com/journal/216/volumes-and-issues/406-5
"February 2014, issue 4",/journal/216/volumes-and-issues/406-4,https://link.springer.com/journal/216/volumes-and-issues/406-4
"January 2014, issue 3",/journal/216/volumes-and-issues/406-3,https://link.springer.com/journal/216/volumes-and-issues/406-3
"January 2014, issue 2",/journal/216/volumes-and-issues/406-2,https://link.springer.com/journal/216/volumes-and-issues/406-2
"January 2014, issue 1",/journal/216/volumes-and-issues/406-1,https://link.springer.com/journal/216/volumes-and-issues/406-1
"December 2013, issue 30",/journal/216/volumes-and-issues/405-30,https://link.springer.com/journal/216/volumes-and-issues/405-30
"November 2013, issue 29",/journal/216/volumes-and-issues/405-29,https://link.springer.com/journal/216/volumes-and-issues/405-29
"November 2013, issue 28",/journal/216/volumes-and-issues/405-28,https://link.springer.com/journal/216/volumes-and-issues/405-28
"November 2013, issue 27",/journal/216/volumes-and-issues/405-27,https://link.springer.com/journal/216/volumes-and-issues/405-27
"October 2013, issue 26",/journal/216/volumes-and-issues/405-26,https://link.springer.com/journal/216/volumes-and-issues/405-26
"October 2013, issue 25",/journal/216/volumes-and-issues/405-25,https://link.springer.com/journal/216/volumes-and-issues/405-25
"September 2013, issue 24",/journal/216/volumes-and-issues/405-24,https://link.springer.com/journal/216/volumes-and-issues/405-24
"September 2013, issue 23",/journal/216/volumes-and-issues/405-23,https://link.springer.com/journal/216/volumes-and-issues/405-23
"September 2013, issue 22",/journal/216/volumes-and-issues/405-22,https://link.springer.com/journal/216/volumes-and-issues/405-22
"August 2013, issue 21",/journal/216/volumes-and-issues/405-21,https://link.springer.com/journal/216/volumes-and-issues/405-21
"August 2013, issue 20",/journal/216/volumes-and-issues/405-20,https://link.springer.com/journal/216/volumes-and-issues/405-20
"July 2013, issue 19",/journal/216/volumes-and-issues/405-19,https://link.springer.com/journal/216/volumes-and-issues/405-19
"July 2013, issue 18",/journal/216/volumes-and-issues/405-18,https://link.springer.com/journal/216/volumes-and-issues/405-18
"July 2013, issue 17",/journal/216/volumes-and-issues/405-17,https://link.springer.com/journal/216/volumes-and-issues/405-17
"June 2013, issue 16",/journal/216/volumes-and-issues/405-16,https://link.springer.com/journal/216/volumes-and-issues/405-16
"June 2013, issue 15",/journal/216/volumes-and-issues/405-15,https://link.springer.com/journal/216/volumes-and-issues/405-15
"May 2013, issue 14",/journal/216/volumes-and-issues/405-14,https://link.springer.com/journal/216/volumes-and-issues/405-14
"May 2013, issue 13",/journal/216/volumes-and-issues/405-13,https://link.springer.com/journal/216/volumes-and-issues/405-13
"May 2013, issue 12",/journal/216/volumes-and-issues/405-12,https://link.springer.com/journal/216/volumes-and-issues/405-12
"April 2013, issue 11",/journal/216/volumes-and-issues/405-11,https://link.springer.com/journal/216/volumes-and-issues/405-11
"April 2013, issue 10",/journal/216/volumes-and-issues/405-10,https://link.springer.com/journal/216/volumes-and-issues/405-10
"March 2013, issue 9",/journal/216/volumes-and-issues/405-9,https://link.springer.com/journal/216/volumes-and-issues/405-9
"March 2013, issue 8",/journal/216/volumes-and-issues/405-8,https://link.springer.com/journal/216/volumes-and-issues/405-8
"March 2013, issue 7",/journal/216/volumes-and-issues/405-7,https://link.springer.com/journal/216/volumes-and-issues/405-7
"February 2013, issue 6",/journal/216/volumes-and-issues/405-6,https://link.springer.com/journal/216/volumes-and-issues/405-6
"February 2013, issue 5",/journal/216/volumes-and-issues/405-5,https://link.springer.com/journal/216/volumes-and-issues/405-5
"February 2013, issue 4",/journal/216/volumes-and-issues/405-4,https://link.springer.com/journal/216/volumes-and-issues/405-4
"January 2013, issue 2-3",/journal/216/volumes-and-issues/405-2,https://link.springer.com/journal/216/volumes-and-issues/405-2
"January 2013, issue 1",/journal/216/volumes-and-issues/405-1,https://link.springer.com/journal/216/volumes-and-issues/405-1
"December 2012, issue 10",/journal/216/volumes-and-issues/404-10,https://link.springer.com/journal/216/volumes-and-issues/404-10
"November 2012, issue 9",/journal/216/volumes-and-issues/404-9,https://link.springer.com/journal/216/volumes-and-issues/404-9
"November 2012, issue 8",/journal/216/volumes-and-issues/404-8,https://link.springer.com/journal/216/volumes-and-issues/404-8
"October 2012, issue 6-7",/journal/216/volumes-and-issues/404-6,https://link.springer.com/journal/216/volumes-and-issues/404-6
"September 2012, issue 5",/journal/216/volumes-and-issues/404-5,https://link.springer.com/journal/216/volumes-and-issues/404-5
"September 2012, issue 4",/journal/216/volumes-and-issues/404-4,https://link.springer.com/journal/216/volumes-and-issues/404-4
"August 2012, issue 3",/journal/216/volumes-and-issues/404-3,https://link.springer.com/journal/216/volumes-and-issues/404-3
"August 2012, issue 2",/journal/216/volumes-and-issues/404-2,https://link.springer.com/journal/216/volumes-and-issues/404-2
"July 2012, issue 1",/journal/216/volumes-and-issues/404-1,https://link.springer.com/journal/216/volumes-and-issues/404-1
"July 2012, issue 10",/journal/216/volumes-and-issues/403-10,https://link.springer.com/journal/216/volumes-and-issues/403-10
"July 2012, issue 9",/journal/216/volumes-and-issues/403-9,https://link.springer.com/journal/216/volumes-and-issues/403-9
"June 2012, issue 8",/journal/216/volumes-and-issues/403-8,https://link.springer.com/journal/216/volumes-and-issues/403-8
"June 2012, issue 7",/journal/216/volumes-and-issues/403-7,https://link.springer.com/journal/216/volumes-and-issues/403-7
"June 2012, issue 6",/journal/216/volumes-and-issues/403-6,https://link.springer.com/journal/216/volumes-and-issues/403-6
"May 2012, issue 5",/journal/216/volumes-and-issues/403-5,https://link.springer.com/journal/216/volumes-and-issues/403-5
"May 2012, issue 4",/journal/216/volumes-and-issues/403-4,https://link.springer.com/journal/216/volumes-and-issues/403-4
"May 2012, issue 3",/journal/216/volumes-and-issues/403-3,https://link.springer.com/journal/216/volumes-and-issues/403-3
"April 2012, issue 2",/journal/216/volumes-and-issues/403-2,https://link.springer.com/journal/216/volumes-and-issues/403-2
"April 2012, issue 1",/journal/216/volumes-and-issues/403-1,https://link.springer.com/journal/216/volumes-and-issues/403-1
"April 2012, issue 10",/journal/216/volumes-and-issues/402-10,https://link.springer.com/journal/216/volumes-and-issues/402-10
"March 2012, issue 9",/journal/216/volumes-and-issues/402-9,https://link.springer.com/journal/216/volumes-and-issues/402-9
"March 2012, issue 8",/journal/216/volumes-and-issues/402-8,https://link.springer.com/journal/216/volumes-and-issues/402-8
"March 2012, issue 7",/journal/216/volumes-and-issues/402-7,https://link.springer.com/journal/216/volumes-and-issues/402-7
"February 2012, issue 6",/journal/216/volumes-and-issues/402-6,https://link.springer.com/journal/216/volumes-and-issues/402-6
"February 2012, issue 5",/journal/216/volumes-and-issues/402-5,https://link.springer.com/journal/216/volumes-and-issues/402-5
"February 2012, issue 4",/journal/216/volumes-and-issues/402-4,https://link.springer.com/journal/216/volumes-and-issues/402-4
"January 2012, issue 3",/journal/216/volumes-and-issues/402-3,https://link.springer.com/journal/216/volumes-and-issues/402-3
"January 2012, issue 2",/journal/216/volumes-and-issues/402-2,https://link.springer.com/journal/216/volumes-and-issues/402-2
"January 2012, issue 1",/journal/216/volumes-and-issues/402-1,https://link.springer.com/journal/216/volumes-and-issues/402-1
"December 2011, issue 10",/journal/216/volumes-and-issues/401-10,https://link.springer.com/journal/216/volumes-and-issues/401-10
"November 2011, issue 9",/journal/216/volumes-and-issues/401-9,https://link.springer.com/journal/216/volumes-and-issues/401-9
"November 2011, issue 8",/journal/216/volumes-and-issues/401-8,https://link.springer.com/journal/216/volumes-and-issues/401-8
"October 2011, issue 7",/journal/216/volumes-and-issues/401-7,https://link.springer.com/journal/216/volumes-and-issues/401-7
"October 2011, issue 6",/journal/216/volumes-and-issues/401-6,https://link.springer.com/journal/216/volumes-and-issues/401-6
"September 2011, issue 5",/journal/216/volumes-and-issues/401-5,https://link.springer.com/journal/216/volumes-and-issues/401-5
"September 2011, issue 4",/journal/216/volumes-and-issues/401-4,https://link.springer.com/journal/216/volumes-and-issues/401-4
"August 2011, issue 3",/journal/216/volumes-and-issues/401-3,https://link.springer.com/journal/216/volumes-and-issues/401-3
"August 2011, issue 2",/journal/216/volumes-and-issues/401-2,https://link.springer.com/journal/216/volumes-and-issues/401-2
"July 2011, issue 1",/journal/216/volumes-and-issues/401-1,https://link.springer.com/journal/216/volumes-and-issues/401-1
"July 2011, issue 10",/journal/216/volumes-and-issues/400-10,https://link.springer.com/journal/216/volumes-and-issues/400-10
"July 2011, issue 9",/journal/216/volumes-and-issues/400-9,https://link.springer.com/journal/216/volumes-and-issues/400-9
"June 2011, issue 8",/journal/216/volumes-and-issues/400-8,https://link.springer.com/journal/216/volumes-and-issues/400-8
"June 2011, issue 7",/journal/216/volumes-and-issues/400-7,https://link.springer.com/journal/216/volumes-and-issues/400-7
"June 2011, issue 6",/journal/216/volumes-and-issues/400-6,https://link.springer.com/journal/216/volumes-and-issues/400-6
"May 2011, issue 5",/journal/216/volumes-and-issues/400-5,https://link.springer.com/journal/216/volumes-and-issues/400-5
"May 2011, issue 4",/journal/216/volumes-and-issues/400-4,https://link.springer.com/journal/216/volumes-and-issues/400-4
"May 2011, issue 3",/journal/216/volumes-and-issues/400-3,https://link.springer.com/journal/216/volumes-and-issues/400-3
"April 2011, issue 2",/journal/216/volumes-and-issues/400-2,https://link.springer.com/journal/216/volumes-and-issues/400-2
"April 2011, issue 1",/journal/216/volumes-and-issues/400-1,https://link.springer.com/journal/216/volumes-and-issues/400-1
"April 2011, issue 10",/journal/216/volumes-and-issues/399-10,https://link.springer.com/journal/216/volumes-and-issues/399-10
"March 2011, issue 9",/journal/216/volumes-and-issues/399-9,https://link.springer.com/journal/216/volumes-and-issues/399-9
"March 2011, issue 8",/journal/216/volumes-and-issues/399-8,https://link.springer.com/journal/216/volumes-and-issues/399-8
"March 2011, issue 7",/journal/216/volumes-and-issues/399-7,https://link.springer.com/journal/216/volumes-and-issues/399-7
"February 2011, issue 6",/journal/216/volumes-and-issues/399-6,https://link.springer.com/journal/216/volumes-and-issues/399-6
"February 2011, issue 5",/journal/216/volumes-and-issues/399-5,https://link.springer.com/journal/216/volumes-and-issues/399-5
"February 2011, issue 4",/journal/216/volumes-and-issues/399-4,https://link.springer.com/journal/216/volumes-and-issues/399-4
"January 2011, issue 3",/journal/216/volumes-and-issues/399-3,https://link.springer.com/journal/216/volumes-and-issues/399-3
"January 2011, issue 2",/journal/216/volumes-and-issues/399-2,https://link.springer.com/journal/216/volumes-and-issues/399-2
"January 2011, issue 1",/journal/216/volumes-and-issues/399-1,https://link.springer.com/journal/216/volumes-and-issues/399-1
"December 2010, issue 7-8",/journal/216/volumes-and-issues/398-7,https://link.springer.com/journal/216/volumes-and-issues/398-7
"November 2010, issue 6",/journal/216/volumes-and-issues/398-6,https://link.springer.com/journal/216/volumes-and-issues/398-6
"November 2010, issue 5",/journal/216/volumes-and-issues/398-5,https://link.springer.com/journal/216/volumes-and-issues/398-5
"October 2010, issue 4",/journal/216/volumes-and-issues/398-4,https://link.springer.com/journal/216/volumes-and-issues/398-4
"October 2010, issue 3",/journal/216/volumes-and-issues/398-3,https://link.springer.com/journal/216/volumes-and-issues/398-3
"September 2010, issue 2",/journal/216/volumes-and-issues/398-2,https://link.springer.com/journal/216/volumes-and-issues/398-2
"September 2010, issue 1",/journal/216/volumes-and-issues/398-1,https://link.springer.com/journal/216/volumes-and-issues/398-1
"August 2010, issue 8",/journal/216/volumes-and-issues/397-8,https://link.springer.com/journal/216/volumes-and-issues/397-8
"August 2010, issue 7",/journal/216/volumes-and-issues/397-7,https://link.springer.com/journal/216/volumes-and-issues/397-7
"July 2010, issue 6",/journal/216/volumes-and-issues/397-6,https://link.springer.com/journal/216/volumes-and-issues/397-6
"July 2010, issue 5",/journal/216/volumes-and-issues/397-5,https://link.springer.com/journal/216/volumes-and-issues/397-5
"June 2010, issue 4",/journal/216/volumes-and-issues/397-4,https://link.springer.com/journal/216/volumes-and-issues/397-4
"June 2010, issue 3",/journal/216/volumes-and-issues/397-3,https://link.springer.com/journal/216/volumes-and-issues/397-3
"May 2010, issue 2",/journal/216/volumes-and-issues/397-2,https://link.springer.com/journal/216/volumes-and-issues/397-2
"May 2010, issue 1",/journal/216/volumes-and-issues/397-1,https://link.springer.com/journal/216/volumes-and-issues/397-1
"April 2010, issue 8",/journal/216/volumes-and-issues/396-8,https://link.springer.com/journal/216/volumes-and-issues/396-8
"April 2010, issue 7",/journal/216/volumes-and-issues/396-7,https://link.springer.com/journal/216/volumes-and-issues/396-7
"March 2010, issue 6",/journal/216/volumes-and-issues/396-6,https://link.springer.com/journal/216/volumes-and-issues/396-6
"March 2010, issue 5",/journal/216/volumes-and-issues/396-5,https://link.springer.com/journal/216/volumes-and-issues/396-5
"February 2010, issue 4",/journal/216/volumes-and-issues/396-4,https://link.springer.com/journal/216/volumes-and-issues/396-4
"February 2010, issue 3",/journal/216/volumes-and-issues/396-3,https://link.springer.com/journal/216/volumes-and-issues/396-3
"January 2010, issue 2",/journal/216/volumes-and-issues/396-2,https://link.springer.com/journal/216/volumes-and-issues/396-2
"January 2010, issue 1",/journal/216/volumes-and-issues/396-1,https://link.springer.com/journal/216/volumes-and-issues/396-1
"December 2009, issue 8",/journal/216/volumes-and-issues/395-8,https://link.springer.com/journal/216/volumes-and-issues/395-8
"December 2009, issue 7",/journal/216/volumes-and-issues/395-7,https://link.springer.com/journal/216/volumes-and-issues/395-7
"November 2009, issue 6",/journal/216/volumes-and-issues/395-6,https://link.springer.com/journal/216/volumes-and-issues/395-6
"November 2009, issue 5",/journal/216/volumes-and-issues/395-5,https://link.springer.com/journal/216/volumes-and-issues/395-5
"October 2009, issue 4",/journal/216/volumes-and-issues/395-4,https://link.springer.com/journal/216/volumes-and-issues/395-4
"October 2009, issue 3",/journal/216/volumes-and-issues/395-3,https://link.springer.com/journal/216/volumes-and-issues/395-3
"September 2009, issue 2",/journal/216/volumes-and-issues/395-2,https://link.springer.com/journal/216/volumes-and-issues/395-2
"September 2009, issue 1",/journal/216/volumes-and-issues/395-1,https://link.springer.com/journal/216/volumes-and-issues/395-1
"August 2009, issue 8",/journal/216/volumes-and-issues/394-8,https://link.springer.com/journal/216/volumes-and-issues/394-8
"August 2009, issue 7",/journal/216/volumes-and-issues/394-7,https://link.springer.com/journal/216/volumes-and-issues/394-7
"July 2009, issue 6",/journal/216/volumes-and-issues/394-6,https://link.springer.com/journal/216/volumes-and-issues/394-6
"July 2009, issue 5",/journal/216/volumes-and-issues/394-5,https://link.springer.com/journal/216/volumes-and-issues/394-5
"June 2009, issue 4",/journal/216/volumes-and-issues/394-4,https://link.springer.com/journal/216/volumes-and-issues/394-4
"June 2009, issue 3",/journal/216/volumes-and-issues/394-3,https://link.springer.com/journal/216/volumes-and-issues/394-3
"May 2009, issue 2",/journal/216/volumes-and-issues/394-2,https://link.springer.com/journal/216/volumes-and-issues/394-2
"May 2009, issue 1",/journal/216/volumes-and-issues/394-1,https://link.springer.com/journal/216/volumes-and-issues/394-1
"April 2009, issue 8",/journal/216/volumes-and-issues/393-8,https://link.springer.com/journal/216/volumes-and-issues/393-8
"March 2009, issue 6-7",/journal/216/volumes-and-issues/393-6,https://link.springer.com/journal/216/volumes-and-issues/393-6
"March 2009, issue 5",/journal/216/volumes-and-issues/393-5,https://link.springer.com/journal/216/volumes-and-issues/393-5
"February 2009, issue 4",/journal/216/volumes-and-issues/393-4,https://link.springer.com/journal/216/volumes-and-issues/393-4
"February 2009, issue 3",/journal/216/volumes-and-issues/393-3,https://link.springer.com/journal/216/volumes-and-issues/393-3
"January 2009, issue 2",/journal/216/volumes-and-issues/393-2,https://link.springer.com/journal/216/volumes-and-issues/393-2
"January 2009, issue 1",/journal/216/volumes-and-issues/393-1,https://link.springer.com/journal/216/volumes-and-issues/393-1
"December 2008, issue 7-8",/journal/216/volumes-and-issues/392-7,https://link.springer.com/journal/216/volumes-and-issues/392-7
"November 2008, issue 6",/journal/216/volumes-and-issues/392-6,https://link.springer.com/journal/216/volumes-and-issues/392-6
"November 2008, issue 5",/journal/216/volumes-and-issues/392-5,https://link.springer.com/journal/216/volumes-and-issues/392-5
"October 2008, issue 4",/journal/216/volumes-and-issues/392-4,https://link.springer.com/journal/216/volumes-and-issues/392-4
"October 2008, issue 3",/journal/216/volumes-and-issues/392-3,https://link.springer.com/journal/216/volumes-and-issues/392-3
"September 2008, issue 1-2",/journal/216/volumes-and-issues/392-1,https://link.springer.com/journal/216/volumes-and-issues/392-1
"August 2008, issue 8",/journal/216/volumes-and-issues/391-8,https://link.springer.com/journal/216/volumes-and-issues/391-8
"August 2008, issue 7",/journal/216/volumes-and-issues/391-7,https://link.springer.com/journal/216/volumes-and-issues/391-7
"July 2008, issue 6",/journal/216/volumes-and-issues/391-6,https://link.springer.com/journal/216/volumes-and-issues/391-6
"July 2008, issue 5",/journal/216/volumes-and-issues/391-5,https://link.springer.com/journal/216/volumes-and-issues/391-5
"June 2008, issue 4",/journal/216/volumes-and-issues/391-4,https://link.springer.com/journal/216/volumes-and-issues/391-4
"June 2008, issue 3",/journal/216/volumes-and-issues/391-3,https://link.springer.com/journal/216/volumes-and-issues/391-3
"May 2008, issue 2",/journal/216/volumes-and-issues/391-2,https://link.springer.com/journal/216/volumes-and-issues/391-2
"May 2008, issue 1",/journal/216/volumes-and-issues/391-1,https://link.springer.com/journal/216/volumes-and-issues/391-1
"April 2008, issue 8",/journal/216/volumes-and-issues/390-8,https://link.springer.com/journal/216/volumes-and-issues/390-8
"April 2008, issue 7",/journal/216/volumes-and-issues/390-7,https://link.springer.com/journal/216/volumes-and-issues/390-7
"March 2008, issue 6",/journal/216/volumes-and-issues/390-6,https://link.springer.com/journal/216/volumes-and-issues/390-6
"March 2008, issue 5",/journal/216/volumes-and-issues/390-5,https://link.springer.com/journal/216/volumes-and-issues/390-5
"February 2008, issue 4",/journal/216/volumes-and-issues/390-4,https://link.springer.com/journal/216/volumes-and-issues/390-4
"February 2008, issue 3",/journal/216/volumes-and-issues/390-3,https://link.springer.com/journal/216/volumes-and-issues/390-3
"January 2008, issue 2",/journal/216/volumes-and-issues/390-2,https://link.springer.com/journal/216/volumes-and-issues/390-2
"January 2008, issue 1",/journal/216/volumes-and-issues/390-1,https://link.springer.com/journal/216/volumes-and-issues/390-1
"December 2007, issue 7-8",/journal/216/volumes-and-issues/389-7,https://link.springer.com/journal/216/volumes-and-issues/389-7
"November 2007, issue 6",/journal/216/volumes-and-issues/389-6,https://link.springer.com/journal/216/volumes-and-issues/389-6
"November 2007, issue 5",/journal/216/volumes-and-issues/389-5,https://link.springer.com/journal/216/volumes-and-issues/389-5
"October 2007, issue 4",/journal/216/volumes-and-issues/389-4,https://link.springer.com/journal/216/volumes-and-issues/389-4
"October 2007, issue 3",/journal/216/volumes-and-issues/389-3,https://link.springer.com/journal/216/volumes-and-issues/389-3
"September 2007, issue 2",/journal/216/volumes-and-issues/389-2,https://link.springer.com/journal/216/volumes-and-issues/389-2
"September 2007, issue 1",/journal/216/volumes-and-issues/389-1,https://link.springer.com/journal/216/volumes-and-issues/389-1
"August 2007, issue 8",/journal/216/volumes-and-issues/388-8,https://link.springer.com/journal/216/volumes-and-issues/388-8
"August 2007, issue 7",/journal/216/volumes-and-issues/388-7,https://link.springer.com/journal/216/volumes-and-issues/388-7
"July 2007, issue 5-6",/journal/216/volumes-and-issues/388-5,https://link.springer.com/journal/216/volumes-and-issues/388-5
"June 2007, issue 4",/journal/216/volumes-and-issues/388-4,https://link.springer.com/journal/216/volumes-and-issues/388-4
"June 2007, issue 3",/journal/216/volumes-and-issues/388-3,https://link.springer.com/journal/216/volumes-and-issues/388-3
"May 2007, issue 2",/journal/216/volumes-and-issues/388-2,https://link.springer.com/journal/216/volumes-and-issues/388-2
"May 2007, issue 1",/journal/216/volumes-and-issues/388-1,https://link.springer.com/journal/216/volumes-and-issues/388-1
"April 2007, issue 8",/journal/216/volumes-and-issues/387-8,https://link.springer.com/journal/216/volumes-and-issues/387-8
"April 2007, issue 7",/journal/216/volumes-and-issues/387-7,https://link.springer.com/journal/216/volumes-and-issues/387-7
"March 2007, issue 6",/journal/216/volumes-and-issues/387-6,https://link.springer.com/journal/216/volumes-and-issues/387-6
"March 2007, issue 5",/journal/216/volumes-and-issues/387-5,https://link.springer.com/journal/216/volumes-and-issues/387-5
"February 2007, issue 4",/journal/216/volumes-and-issues/387-4,https://link.springer.com/journal/216/volumes-and-issues/387-4
"February 2007, issue 3",/journal/216/volumes-and-issues/387-3,https://link.springer.com/journal/216/volumes-and-issues/387-3
"January 2007, issue 2",/journal/216/volumes-and-issues/387-2,https://link.springer.com/journal/216/volumes-and-issues/387-2
"January 2007, issue 1",/journal/216/volumes-and-issues/387-1,https://link.springer.com/journal/216/volumes-and-issues/387-1
"December 2006, issue 7-8",/journal/216/volumes-and-issues/386-7,https://link.springer.com/journal/216/volumes-and-issues/386-7
"November 2006, issue 6",/journal/216/volumes-and-issues/386-6,https://link.springer.com/journal/216/volumes-and-issues/386-6
"November 2006, issue 5",/journal/216/volumes-and-issues/386-5,https://link.springer.com/journal/216/volumes-and-issues/386-5
"October 2006, issue 4",/journal/216/volumes-and-issues/386-4,https://link.springer.com/journal/216/volumes-and-issues/386-4
"October 2006, issue 3",/journal/216/volumes-and-issues/386-3,https://link.springer.com/journal/216/volumes-and-issues/386-3
"September 2006, issue 2",/journal/216/volumes-and-issues/386-2,https://link.springer.com/journal/216/volumes-and-issues/386-2
"September 2006, issue 1",/journal/216/volumes-and-issues/386-1,https://link.springer.com/journal/216/volumes-and-issues/386-1
"August 2006, issue 8",/journal/216/volumes-and-issues/385-8,https://link.springer.com/journal/216/volumes-and-issues/385-8
"August 2006, issue 7",/journal/216/volumes-and-issues/385-7,https://link.springer.com/journal/216/volumes-and-issues/385-7
"July 2006, issue 6",/journal/216/volumes-and-issues/385-6,https://link.springer.com/journal/216/volumes-and-issues/385-6
"July 2006, issue 5",/journal/216/volumes-and-issues/385-5,https://link.springer.com/journal/216/volumes-and-issues/385-5
"June 2006, issue 4",/journal/216/volumes-and-issues/385-4,https://link.springer.com/journal/216/volumes-and-issues/385-4
"June 2006, issue 3",/journal/216/volumes-and-issues/385-3,https://link.springer.com/journal/216/volumes-and-issues/385-3
"May 2006, issue 2",/journal/216/volumes-and-issues/385-2,https://link.springer.com/journal/216/volumes-and-issues/385-2
"May 2006, issue 1",/journal/216/volumes-and-issues/385-1,https://link.springer.com/journal/216/volumes-and-issues/385-1
"April 2006, issue 7-8",/journal/216/volumes-and-issues/384-7,https://link.springer.com/journal/216/volumes-and-issues/384-7
"March 2006, issue 6",/journal/216/volumes-and-issues/384-6,https://link.springer.com/journal/216/volumes-and-issues/384-6
"March 2006, issue 5",/journal/216/volumes-and-issues/384-5,https://link.springer.com/journal/216/volumes-and-issues/384-5
"February 2006, issue 4",/journal/216/volumes-and-issues/384-4,https://link.springer.com/journal/216/volumes-and-issues/384-4
"February 2006, issue 3",/journal/216/volumes-and-issues/384-3,https://link.springer.com/journal/216/volumes-and-issues/384-3
"January 2006, issue 2",/journal/216/volumes-and-issues/384-2,https://link.springer.com/journal/216/volumes-and-issues/384-2
"January 2006, issue 1",/journal/216/volumes-and-issues/384-1,https://link.springer.com/journal/216/volumes-and-issues/384-1
"December 2005, issue 7-8",/journal/216/volumes-and-issues/383-7,https://link.springer.com/journal/216/volumes-and-issues/383-7
"November 2005, issue 6",/journal/216/volumes-and-issues/383-6,https://link.springer.com/journal/216/volumes-and-issues/383-6
"November 2005, issue 5",/journal/216/volumes-and-issues/383-5,https://link.springer.com/journal/216/volumes-and-issues/383-5
"October 2005, issue 4",/journal/216/volumes-and-issues/383-4,https://link.springer.com/journal/216/volumes-and-issues/383-4
"October 2005, issue 3",/journal/216/volumes-and-issues/383-3,https://link.springer.com/journal/216/volumes-and-issues/383-3
"September 2005, issue 2",/journal/216/volumes-and-issues/383-2,https://link.springer.com/journal/216/volumes-and-issues/383-2
"September 2005, issue 1",/journal/216/volumes-and-issues/383-1,https://link.springer.com/journal/216/volumes-and-issues/383-1
"August 2005, issue 8",/journal/216/volumes-and-issues/382-8,https://link.springer.com/journal/216/volumes-and-issues/382-8
"August 2005, issue 7",/journal/216/volumes-and-issues/382-7,https://link.springer.com/journal/216/volumes-and-issues/382-7
"July 2005, issue 6",/journal/216/volumes-and-issues/382-6,https://link.springer.com/journal/216/volumes-and-issues/382-6
"July 2005, issue 5",/journal/216/volumes-and-issues/382-5,https://link.springer.com/journal/216/volumes-and-issues/382-5
"June 2005, issue 4",/journal/216/volumes-and-issues/382-4,https://link.springer.com/journal/216/volumes-and-issues/382-4
"June 2005, issue 3",/journal/216/volumes-and-issues/382-3,https://link.springer.com/journal/216/volumes-and-issues/382-3
"May 2005, issue 2",/journal/216/volumes-and-issues/382-2,https://link.springer.com/journal/216/volumes-and-issues/382-2
"May 2005, issue 1",/journal/216/volumes-and-issues/382-1,https://link.springer.com/journal/216/volumes-and-issues/382-1
"April 2005, issue 8",/journal/216/volumes-and-issues/381-8,https://link.springer.com/journal/216/volumes-and-issues/381-8
"April 2005, issue 7",/journal/216/volumes-and-issues/381-7,https://link.springer.com/journal/216/volumes-and-issues/381-7
"March 2005, issue 6",/journal/216/volumes-and-issues/381-6,https://link.springer.com/journal/216/volumes-and-issues/381-6
"March 2005, issue 5",/journal/216/volumes-and-issues/381-5,https://link.springer.com/journal/216/volumes-and-issues/381-5
"February 2005, issue 4",/journal/216/volumes-and-issues/381-4,https://link.springer.com/journal/216/volumes-and-issues/381-4
"February 2005, issue 3",/journal/216/volumes-and-issues/381-3,https://link.springer.com/journal/216/volumes-and-issues/381-3
"January 2005, issue 2",/journal/216/volumes-and-issues/381-2,https://link.springer.com/journal/216/volumes-and-issues/381-2
"January 2005, issue 1",/journal/216/volumes-and-issues/381-1,https://link.springer.com/journal/216/volumes-and-issues/381-1
"December 2004, issue 7-8",/journal/216/volumes-and-issues/380-7,https://link.springer.com/journal/216/volumes-and-issues/380-7
"November 2004, issue 5-6",/journal/216/volumes-and-issues/380-5,https://link.springer.com/journal/216/volumes-and-issues/380-5
"October 2004, issue 4",/journal/216/volumes-and-issues/380-4,https://link.springer.com/journal/216/volumes-and-issues/380-4
"October 2004, issue 3",/journal/216/volumes-and-issues/380-3,https://link.springer.com/journal/216/volumes-and-issues/380-3
"September 2004, issue 2",/journal/216/volumes-and-issues/380-2,https://link.springer.com/journal/216/volumes-and-issues/380-2
"September 2004, issue 1",/journal/216/volumes-and-issues/380-1,https://link.springer.com/journal/216/volumes-and-issues/380-1
"August 2004, issue 7-8",/journal/216/volumes-and-issues/379-7,https://link.springer.com/journal/216/volumes-and-issues/379-7
"July 2004, issue 5-6",/journal/216/volumes-and-issues/379-5,https://link.springer.com/journal/216/volumes-and-issues/379-5
"June 2004, issue 4",/journal/216/volumes-and-issues/379-4,https://link.springer.com/journal/216/volumes-and-issues/379-4
"June 2004, issue 3",/journal/216/volumes-and-issues/379-3,https://link.springer.com/journal/216/volumes-and-issues/379-3
"May 2004, issue 2",/journal/216/volumes-and-issues/379-2,https://link.springer.com/journal/216/volumes-and-issues/379-2
"May 2004, issue 1",/journal/216/volumes-and-issues/379-1,https://link.springer.com/journal/216/volumes-and-issues/379-1
"April 2004, issue 8",/journal/216/volumes-and-issues/378-8,https://link.springer.com/journal/216/volumes-and-issues/378-8
"April 2004, issue 7",/journal/216/volumes-and-issues/378-7,https://link.springer.com/journal/216/volumes-and-issues/378-7
"March 2004, issue 6",/journal/216/volumes-and-issues/378-6,https://link.springer.com/journal/216/volumes-and-issues/378-6
"March 2004, issue 5",/journal/216/volumes-and-issues/378-5,https://link.springer.com/journal/216/volumes-and-issues/378-5
"February 2004, issue 4",/journal/216/volumes-and-issues/378-4,https://link.springer.com/journal/216/volumes-and-issues/378-4
"February 2004, issue 3",/journal/216/volumes-and-issues/378-3,https://link.springer.com/journal/216/volumes-and-issues/378-3
"January 2004, issue 2",/journal/216/volumes-and-issues/378-2,https://link.springer.com/journal/216/volumes-and-issues/378-2
"January 2004, issue 1",/journal/216/volumes-and-issues/378-1,https://link.springer.com/journal/216/volumes-and-issues/378-1
"December 2003, issue 7-8",/journal/216/volumes-and-issues/377-7,https://link.springer.com/journal/216/volumes-and-issues/377-7
"November 2003, issue 6",/journal/216/volumes-and-issues/377-6,https://link.springer.com/journal/216/volumes-and-issues/377-6
"November 2003, issue 5",/journal/216/volumes-and-issues/377-5,https://link.springer.com/journal/216/volumes-and-issues/377-5
"October 2003, issue 4",/journal/216/volumes-and-issues/377-4,https://link.springer.com/journal/216/volumes-and-issues/377-4
"October 2003, issue 3",/journal/216/volumes-and-issues/377-3,https://link.springer.com/journal/216/volumes-and-issues/377-3
"September 2003, issue 2",/journal/216/volumes-and-issues/377-2,https://link.springer.com/journal/216/volumes-and-issues/377-2
"September 2003, issue 1",/journal/216/volumes-and-issues/377-1,https://link.springer.com/journal/216/volumes-and-issues/377-1
"August 2003, issue 8",/journal/216/volumes-and-issues/376-8,https://link.springer.com/journal/216/volumes-and-issues/376-8
"August 2003, issue 7",/journal/216/volumes-and-issues/376-7,https://link.springer.com/journal/216/volumes-and-issues/376-7
"July 2003, issue 6",/journal/216/volumes-and-issues/376-6,https://link.springer.com/journal/216/volumes-and-issues/376-6
"July 2003, issue 5",/journal/216/volumes-and-issues/376-5,https://link.springer.com/journal/216/volumes-and-issues/376-5
"June 2003, issue 4",/journal/216/volumes-and-issues/376-4,https://link.springer.com/journal/216/volumes-and-issues/376-4
"June 2003, issue 3",/journal/216/volumes-and-issues/376-3,https://link.springer.com/journal/216/volumes-and-issues/376-3
"May 2003, issue 2",/journal/216/volumes-and-issues/376-2,https://link.springer.com/journal/216/volumes-and-issues/376-2
"May 2003, issue 1",/journal/216/volumes-and-issues/376-1,https://link.springer.com/journal/216/volumes-and-issues/376-1
"April 2003, issue 8",/journal/216/volumes-and-issues/375-8,https://link.springer.com/journal/216/volumes-and-issues/375-8
"April 2003, issue 7",/journal/216/volumes-and-issues/375-7,https://link.springer.com/journal/216/volumes-and-issues/375-7
"March 2003, issue 6",/journal/216/volumes-and-issues/375-6,https://link.springer.com/journal/216/volumes-and-issues/375-6
"March 2003, issue 5",/journal/216/volumes-and-issues/375-5,https://link.springer.com/journal/216/volumes-and-issues/375-5
"February 2003, issue 4",/journal/216/volumes-and-issues/375-4,https://link.springer.com/journal/216/volumes-and-issues/375-4
"February 2003, issue 3",/journal/216/volumes-and-issues/375-3,https://link.springer.com/journal/216/volumes-and-issues/375-3
"January 2003, issue 2",/journal/216/volumes-and-issues/375-2,https://link.springer.com/journal/216/volumes-and-issues/375-2
"January 2003, issue 1",/journal/216/volumes-and-issues/375-1,https://link.springer.com/journal/216/volumes-and-issues/375-1
"December 2002, issue 7-8",/journal/216/volumes-and-issues/374-7,https://link.springer.com/journal/216/volumes-and-issues/374-7
"November 2002, issue 6",/journal/216/volumes-and-issues/374-6,https://link.springer.com/journal/216/volumes-and-issues/374-6
"November 2002, issue 5",/journal/216/volumes-and-issues/374-5,https://link.springer.com/journal/216/volumes-and-issues/374-5
"October 2002, issue 4",/journal/216/volumes-and-issues/374-4,https://link.springer.com/journal/216/volumes-and-issues/374-4
"October 2002, issue 3",/journal/216/volumes-and-issues/374-3,https://link.springer.com/journal/216/volumes-and-issues/374-3
"September 2002, issue 2",/journal/216/volumes-and-issues/374-2,https://link.springer.com/journal/216/volumes-and-issues/374-2
"September 2002, issue 1",/journal/216/volumes-and-issues/374-1,https://link.springer.com/journal/216/volumes-and-issues/374-1
"August 2002, issue 8",/journal/216/volumes-and-issues/373-8,https://link.springer.com/journal/216/volumes-and-issues/373-8
"August 2002, issue 7",/journal/216/volumes-and-issues/373-7,https://link.springer.com/journal/216/volumes-and-issues/373-7
"July 2002, issue 6",/journal/216/volumes-and-issues/373-6,https://link.springer.com/journal/216/volumes-and-issues/373-6
"July 2002, issue 4-5",/journal/216/volumes-and-issues/373-4,https://link.springer.com/journal/216/volumes-and-issues/373-4
"June 2002, issue 3",/journal/216/volumes-and-issues/373-3,https://link.springer.com/journal/216/volumes-and-issues/373-3
"May 2002, issue 1-2",/journal/216/volumes-and-issues/373-1,https://link.springer.com/journal/216/volumes-and-issues/373-1
"April 2002, issue 7-8",/journal/216/volumes-and-issues/372-7,https://link.springer.com/journal/216/volumes-and-issues/372-7
"March 2002, issue 5-6",/journal/216/volumes-and-issues/372-5,https://link.springer.com/journal/216/volumes-and-issues/372-5
"February 2002, issue 4",/journal/216/volumes-and-issues/372-4,https://link.springer.com/journal/216/volumes-and-issues/372-4
"February 2002, issue 3",/journal/216/volumes-and-issues/372-3,https://link.springer.com/journal/216/volumes-and-issues/372-3
"January 2002, issue 2",/journal/216/volumes-and-issues/372-2,https://link.springer.com/journal/216/volumes-and-issues/372-2
"January 2002, issue 1",/journal/216/volumes-and-issues/372-1,https://link.springer.com/journal/216/volumes-and-issues/372-1
"December 2001, issue 8",/journal/216/volumes-and-issues/371-8,https://link.springer.com/journal/216/volumes-and-issues/371-8
"December 2001, issue 7",/journal/216/volumes-and-issues/371-7,https://link.springer.com/journal/216/volumes-and-issues/371-7
"November 2001, issue 6",/journal/216/volumes-and-issues/371-6,https://link.springer.com/journal/216/volumes-and-issues/371-6
"November 2001, issue 5",/journal/216/volumes-and-issues/371-5,https://link.springer.com/journal/216/volumes-and-issues/371-5
"October 2001, issue 4",/journal/216/volumes-and-issues/371-4,https://link.springer.com/journal/216/volumes-and-issues/371-4
"October 2001, issue 3",/journal/216/volumes-and-issues/371-3,https://link.springer.com/journal/216/volumes-and-issues/371-3
"September 2001, issue 2",/journal/216/volumes-and-issues/371-2,https://link.springer.com/journal/216/volumes-and-issues/371-2
"September 2001, issue 1",/journal/216/volumes-and-issues/371-1,https://link.springer.com/journal/216/volumes-and-issues/371-1
"August 2001, issue 8",/journal/216/volumes-and-issues/370-8,https://link.springer.com/journal/216/volumes-and-issues/370-8
"August 2001, issue 7",/journal/216/volumes-and-issues/370-7,https://link.springer.com/journal/216/volumes-and-issues/370-7
"July 2001, issue 6",/journal/216/volumes-and-issues/370-6,https://link.springer.com/journal/216/volumes-and-issues/370-6
"July 2001, issue 5",/journal/216/volumes-and-issues/370-5,https://link.springer.com/journal/216/volumes-and-issues/370-5
"June 2001, issue 4",/journal/216/volumes-and-issues/370-4,https://link.springer.com/journal/216/volumes-and-issues/370-4
"June 2001, issue 2-3",/journal/216/volumes-and-issues/370-2,https://link.springer.com/journal/216/volumes-and-issues/370-2
"May 2001, issue 1",/journal/216/volumes-and-issues/370-1,https://link.springer.com/journal/216/volumes-and-issues/370-1
"April 2001, issue 7-8",/journal/216/volumes-and-issues/369-7,https://link.springer.com/journal/216/volumes-and-issues/369-7
"March 2001, issue 6",/journal/216/volumes-and-issues/369-6,https://link.springer.com/journal/216/volumes-and-issues/369-6
"March 2001, issue 5",/journal/216/volumes-and-issues/369-5,https://link.springer.com/journal/216/volumes-and-issues/369-5
"February 2001, issue 3-4",/journal/216/volumes-and-issues/369-3,https://link.springer.com/journal/216/volumes-and-issues/369-3
"January 2001, issue 2",/journal/216/volumes-and-issues/369-2,https://link.springer.com/journal/216/volumes-and-issues/369-2
"January 2001, issue 1",/journal/216/volumes-and-issues/369-1,https://link.springer.com/journal/216/volumes-and-issues/369-1
"December 2000, issue 8",/journal/216/volumes-and-issues/368-8,https://link.springer.com/journal/216/volumes-and-issues/368-8
"November 2000, issue 7",/journal/216/volumes-and-issues/368-7,https://link.springer.com/journal/216/volumes-and-issues/368-7
"November 2000, issue 6",/journal/216/volumes-and-issues/368-6,https://link.springer.com/journal/216/volumes-and-issues/368-6
"October 2000, issue 5",/journal/216/volumes-and-issues/368-5,https://link.springer.com/journal/216/volumes-and-issues/368-5
"October 2000, issue 4",/journal/216/volumes-and-issues/368-4,https://link.springer.com/journal/216/volumes-and-issues/368-4
"September 2000, issue 2-3",/journal/216/volumes-and-issues/368-2,https://link.springer.com/journal/216/volumes-and-issues/368-2
"August 2000, issue 1",/journal/216/volumes-and-issues/368-1,https://link.springer.com/journal/216/volumes-and-issues/368-1
"August 2000, issue 8",/journal/216/volumes-and-issues/367-8,https://link.springer.com/journal/216/volumes-and-issues/367-8
"July 2000, issue 7",/journal/216/volumes-and-issues/367-7,https://link.springer.com/journal/216/volumes-and-issues/367-7
"July 2000, issue 6",/journal/216/volumes-and-issues/367-6,https://link.springer.com/journal/216/volumes-and-issues/367-6
"June 2000, issue 5",/journal/216/volumes-and-issues/367-5,https://link.springer.com/journal/216/volumes-and-issues/367-5
"June 2000, issue 4",/journal/216/volumes-and-issues/367-4,https://link.springer.com/journal/216/volumes-and-issues/367-4
"May 2000, issue 3",/journal/216/volumes-and-issues/367-3,https://link.springer.com/journal/216/volumes-and-issues/367-3
"May 2000, issue 2",/journal/216/volumes-and-issues/367-2,https://link.springer.com/journal/216/volumes-and-issues/367-2
"April 2000, issue 1",/journal/216/volumes-and-issues/367-1,https://link.springer.com/journal/216/volumes-and-issues/367-1
"April 2000, issue 8",/journal/216/volumes-and-issues/366-8,https://link.springer.com/journal/216/volumes-and-issues/366-8
"March 2000, issue 6-7",/journal/216/volumes-and-issues/366-6,https://link.springer.com/journal/216/volumes-and-issues/366-6
"March 2000, issue 5",/journal/216/volumes-and-issues/366-5,https://link.springer.com/journal/216/volumes-and-issues/366-5
"February 2000, issue 4",/journal/216/volumes-and-issues/366-4,https://link.springer.com/journal/216/volumes-and-issues/366-4
"February 2000, issue 3",/journal/216/volumes-and-issues/366-3,https://link.springer.com/journal/216/volumes-and-issues/366-3
"January 2000, issue 2",/journal/216/volumes-and-issues/366-2,https://link.springer.com/journal/216/volumes-and-issues/366-2
